latitude;longitude;category;subcategory
36.42877112305098;-5.145817683449792;built-up;denseurban
36.43032566020912;-5.138504407796205;built-up;denseurban
36.44555746365381;-5.092888474845694;built-up;denseurban
36.451961991140166;-5.081092797143754;built-up;denseurban
36.45431467330194;-5.051039636656782;built-up;denseurban
36.46416965509778;-5.021011485051758;built-up;denseurban
36.47020838619511;-4.994148800616074;built-up;denseurban
36.48743658873613;-4.956991700979643;built-up;denseurban
36.50896125786747;-4.903226611961287;built-up;denseurban
36.50578744596167;-4.827122885802737;built-up;denseurban
36.49292865808124;-4.703151101463391;built-up;denseurban
36.50181076591571;-4.689570306183128;built-up;denseurban
36.50978251820571;-4.638122872946212;built-up;denseurban
36.54359683585655;-4.625819275821527;built-up;denseurban
36.54047485972531;-4.629002863655671;built-up;denseurban
36.56981453551268;-4.601545626228955;built-up;denseurban
36.579058800883416;-4.574090713613913;built-up;denseurban
36.59950820803316;-4.528060558042199;built-up;denseurban
36.664822134918865;-4.458950664687933;built-up;denseurban
36.69891377102644;-4.443234907161582;built-up;denseurban
36.72594406024794;-4.423322869624343;built-up;denseurban
36.72811430964114;-4.375433891259547;built-up;denseurban
36.721671951627556;-4.3664663394676495;built-up;denseurban
36.72929521062848;-4.3516762025545574;built-up;denseurban
36.7175960784988;-4.312209312289383;built-up;denseurban
36.72049783682445;-4.284604422349531;built-up;denseurban
36.71292287288607;-4.262207074943831;built-up;denseurban
36.904643673694466;-4.33704954286199;built-up;denseurban
36.91544060671063;-4.293335706632263;built-up;denseurban
36.76538441847062;-4.297093464721826;built-up;denseurban
36.77134123886239;-4.319451887245236;built-up;denseurban
36.893266576357846;-4.429527242320432;built-up;denseurban
36.825928503243674;-4.540721596254542;built-up;denseurban
36.93068761062786;-4.529852536730971;built-up;denseurban
36.93236440546599;-4.62382334863085;built-up;denseurban
36.90875825329799;-4.759569273066063;built-up;denseurban
36.875881440754725;-5.045046837422603;built-up;denseurban
36.87855197387174;-4.845667963693558;built-up;denseurban
36.78493252880277;-4.84252815343325;built-up;denseurban
36.7339494342565;-4.92021768039146;built-up;denseurban
36.68691853938863;-4.9051161313064995;built-up;denseurban
36.59487449837226;-4.934328747666228;built-up;denseurban
36.595115352702564;-4.639351475412639;built-up;denseurban
36.642454887385;-4.686445468487648;built-up;denseurban
36.657923848857905;-4.561497378175972;built-up;denseurban
36.623227598805755;-4.501032521341898;built-up;denseurban
36.706946492761645;-4.491672438320023;built-up;denseurban
36.74001866455026;-4.480952216853751;built-up;denseurban
36.75311866215348;-4.423564692317399;built-up;denseurban
36.49229655869732;-4.731538175864273;built-up;denseurban
36.4944082129838;-4.752177842954154;built-up;denseurban
36.49288959691657;-4.785395893581267;built-up;denseurban
36.51192579292052;-4.822089976086289;built-up;denseurban
36.51303890452776;-4.858685046666636;built-up;denseurban
36.51166982843081;-4.883014483562874;built-up;denseurban
36.55457658737443;-4.676291015255288;built-up;denseurban
36.56215040865966;-4.616146356042236;built-up;denseurban
36.588945546184405;-4.543539725722212;built-up;denseurban
36.61042984942266;-4.509249586006462;built-up;denseurban
36.635033020315745;-4.4929251822373715;built-up;denseurban
36.68337096836183;-4.455945521088893;built-up;denseurban
36.69646690026066;-4.455838629561526;built-up;denseurban
36.71850162813101;-4.44575398738138;built-up;denseurban
36.73209055516429;-4.432272982868454;built-up;denseurban
36.72828623927688;-4.414268585244372;built-up;denseurban
36.72697097240183;-4.392383252169225;built-up;denseurban
36.762859418766695;-4.708610285886749;built-up;denseurban
36.770691365451526;-4.708443518340886;built-up;denseurban
36.82426848842283;-4.706016902452006;built-up;denseurban
36.76628688701793;-4.518659821444032;built-up;denseurban
36.73217411266431;-4.571045594224557;built-up;denseurban
36.73616745766425;-4.613616832709397;built-up;denseurban
36.710469973493545;-4.632647681049548;built-up;denseurban
36.66018447838033;-4.757625368668158;built-up;denseurban
36.74716768629207;-5.149772332058092;built-up;denseurban
36.796457048861214;-5.137869948132163;built-up;denseurban
36.789479891200614;-4.947806567079368;built-up;denseurban
36.728129392651496;-4.857618871204096;built-up;denseurban
36.74673122964168;-4.719577478452123;built-up;denseurban
36.745638850668925;-4.723845522739396;built-up;denseurban
36.67052752492661;-4.512498396953447;built-up;denseurban
36.66035664406638;-4.538074236821217;built-up;denseurban
36.517975724371865;-5.005831830302668;built-up;denseurban
36.46715037392438;-5.072104440086605;built-up;denseurban
36.884483789837944;-4.982459861705678;built-up;denseurban
36.71659778491913;-4.275042620955901;built-up;denseurban
36.717279538415;-4.29927157906431;built-up;denseurban
36.71905469137364;-4.34324464819062;built-up;denseurban
36.724390861182826;-4.38073129863767;built-up;denseurban
36.71950000731918;-4.420176031182791;built-up;denseurban
36.70323615155563;-4.434472492789098;built-up;denseurban
36.60484770860684;-4.547510940234247;built-up;denseurban
36.55509327430022;-4.642391990869328;built-up;denseurban
36.50761402827409;-4.666598052670565;built-up;denseurban
36.49385630028904;-4.71707335286257;built-up;denseurban
36.504531741585296;-4.7962834408470485;built-up;denseurban
36.501452300101406;-4.813745682709083;built-up;denseurban
36.51320949428302;-4.848707469419367;built-up;denseurban
36.52293282455237;-4.915647338913203;built-up;denseurban
36.50729323016296;-4.935889722255922;built-up;denseurban
36.5073315057802;-4.961527758551796;built-up;denseurban
36.48927734736658;-5.006535815377475;built-up;denseurban
36.47947993795313;-5.04249643471374;built-up;denseurban
36.81651064331615;-4.696922673818165;built-up;denseurban
36.452334304776286;-5.125302824565836;built-up;suburban
36.453201201328056;-5.112650024864109;built-up;suburban
36.461183738546595;-5.095595524077822;built-up;suburban
36.49279468563998;-5.059302543192473;built-up;suburban
36.51929571203301;-5.023532661741541;built-up;suburban
36.51951615239899;-4.93532651955681;built-up;suburban
36.54683754680295;-4.853684699557903;built-up;suburban
36.51599323285821;-4.8044351343752965;built-up;suburban
36.54227473949575;-4.740162707576019;built-up;suburban
36.51944521870816;-4.676071035600728;built-up;suburban
36.5836772642605;-4.703068696836112;built-up;suburban
36.59262326085823;-4.614090240310304;built-up;suburban
36.64337518422734;-4.634268045562635;built-up;suburban
36.703978887483956;-4.72478250958747;built-up;suburban
36.75926883011644;-4.765880720198339;built-up;suburban
36.691088706951106;-4.539837390877437;built-up;suburban
36.75543261250617;-4.551467561879662;built-up;suburban
36.76386261197058;-4.491990330663185;built-up;suburban
36.74722170168734;-4.461042169775311;built-up;suburban
36.91171461233354;-4.139286201476381;built-up;suburban
36.9079373327576;-4.180436927182313;built-up;suburban
36.90845952447714;-4.200933764222668;built-up;suburban
36.91189429936729;-4.228820651915072;built-up;suburban
36.89702888808657;-4.25799705709926;built-up;suburban
36.90828597993618;-4.288015162477279;built-up;suburban
36.90062492890168;-4.3458957808874175;built-up;suburban
36.90165053577134;-4.406567813725957;built-up;suburban
36.9048169284177;-5.00690021054271;built-up;suburban
36.79852385011236;-4.9549265695913505;built-up;suburban
36.836390830017066;-5.0776397569806875;built-up;suburban
36.77183417818084;-5.09347087482638;built-up;suburban
36.7540917197736;-5.033563793407865;built-up;suburban
36.68964192725032;-5.046277304332989;built-up;suburban
36.54463148026478;-5.033288865997179;built-up;suburban
36.51959411507917;-5.080653519278798;built-up;suburban
36.65021951130183;-4.70964908655219;built-up;suburban
36.663796086838616;-4.767712288646209;built-up;suburban
36.61199362684688;-4.76147564970222;built-up;suburban
36.56445685273491;-4.736006005051593;built-up;suburban
36.741047343709084;-4.373716402733237;built-up;suburban
36.73858417436669;-4.338966947991281;built-up;suburban
36.73368183302168;-4.2908747885318235;built-up;suburban
36.72078328495137;-4.256435082607396;built-up;suburban
36.73883891914136;-4.239072349597365;built-up;suburban
36.75998645946311;-4.222095238260749;built-up;suburban
36.788299555775254;-4.230439222837418;built-up;suburban
36.784306302307485;-4.20938191891392;built-up;suburban
36.774071994928946;-4.199275221673872;built-up;suburban
36.767230197408196;-4.198796879427306;built-up;suburban
36.748557315126305;-4.190378795476249;built-up;suburban
36.74375698140696;-4.1284776395712015;built-up;suburban
36.769448301677244;-4.122948309433838;built-up;suburban
36.85784604031289;-4.44455108990897;built-up;suburban
36.879338382813216;-4.496269980466792;built-up;suburban
36.88690584382917;-4.6103281680917405;built-up;suburban
36.849565909115185;-4.548004130796841;built-up;suburban
36.811352944636525;-4.46065850745768;built-up;suburban
36.84436039087571;-4.292492197854273;built-up;suburban
36.823415838413794;-4.288584379055294;built-up;suburban
36.81733097741537;-4.247548521354474;built-up;suburban
36.86871218979847;-4.724495200091752;built-up;suburban
36.90206532937597;-4.823234883778156;built-up;suburban
36.92284125286804;-4.892249577904323;built-up;suburban
36.76509995934319;-4.846912364888965;built-up;suburban
36.71672683657269;-4.916830100033536;built-up;suburban
36.67317537552134;-4.887355450905204;built-up;suburban
36.623504917104825;-4.8757717540460135;built-up;suburban
36.57921037790638;-4.952395672765505;built-up;suburban
36.82034993494993;-4.73569472989027;built-up;suburban
36.82287572399312;-4.5748364800919035;built-up;suburban
36.85112385294997;-4.655762678617407;built-up;suburban
36.842370761142234;-4.732663012499643;built-up;suburban
36.845870530553086;-4.826883137620882;built-up;suburban
36.887379914591534;-4.905502326565397;built-up;suburban
36.65147192875469;-4.813962510184638;built-up;suburban
36.726474981406;-4.597882370516885;built-up;suburban
36.78054163490488;-4.591743424704816;built-up;suburban
36.87007031663782;-4.220975249718265;built-up;suburban
36.879049035977445;-4.187049256838577;built-up;suburban
36.89490259823128;-4.168283568575333;built-up;suburban
36.821544226390714;-4.164625916030815;built-up;suburban
36.769803969520964;-4.329562552339553;built-up;suburban
36.78769728110959;-4.352910351719515;built-up;suburban
36.80726610046861;-4.413519932002373;built-up;suburban
36.83020084569583;-4.434782969272305;built-up;suburban
36.827701307694;-4.500100906345921;built-up;suburban
36.8138283854649;-4.555693446344094;built-up;suburban
36.78630704594316;-4.632840017794621;built-up;suburban
36.742332398479675;-4.647734556261554;built-up;suburban
36.80205356516129;-4.919023208671746;built-up;suburban
36.86651371873768;-4.877245554865425;built-up;suburban
36.86948512299584;-4.802992379642632;built-up;suburban
36.880099691402904;-4.76552742569973;built-up;suburban
36.8984775915836;-4.744658745952307;built-up;suburban
36.905798129471364;-4.714793921347791;built-up;suburban
36.89335163764629;-4.676317780203959;built-up;suburban
36.88030816052465;-4.641750885349097;built-up;suburban
36.76010969525335;-4.677824202472266;built-up;suburban
36.76891105824022;-4.612032270201382;built-up;suburban
36.68463913886083;-4.917359198366142;built-up;suburban
36.72332496873807;-4.945393514910194;built-up;suburban
36.435770566650916;-5.1471503909269245;built-up;road
36.444590189125805;-5.151638412986728;built-up;road
36.45185563463188;-5.151341405032014;built-up;road
36.46658617364575;-5.145452540369661;built-up;road
36.49165563978181;-5.1301722422761316;built-up;road
36.55165791822502;-5.167436823050565;built-up;road
36.630782162301415;-5.120681796825693;built-up;road
36.75027014119043;-5.159053166352578;built-up;road
36.91178838556392;-5.128337327368627;built-up;road
36.923961864578175;-5.003899433612673;built-up;road
36.88885132529538;-5.020261187154404;built-up;road
36.87584919897046;-5.088610793072405;built-up;road
36.787012617752666;-5.052616348046996;built-up;road
36.74007542248722;-5.0935007301323765;built-up;road
36.920032476136385;-4.9209063507321105;built-up;road
36.915490513639526;-4.8417329232098325;built-up;road
36.89681984897901;-4.827309092755087;built-up;road
36.871075558514406;-4.886800077035389;built-up;road
36.881772577005094;-4.955111815351557;built-up;road
36.84151917261693;-4.985648543318121;built-up;road
36.780596485130374;-4.990882710107627;built-up;road
36.66132757203914;-5.011201831753482;built-up;road
36.59568762486735;-5.06853114603669;built-up;road
36.54284012609067;-5.035376281148132;built-up;road
36.46255534350776;-5.041880650741348;built-up;road
36.47007516774906;-5.084089511635824;built-up;road
36.44899918781347;-5.116972169290705;built-up;road
36.433982018419954;-5.125608340604856;built-up;road
36.425873152274946;-5.142893226562023;built-up;road
36.47252466269954;-5.009510167705571;built-up;road
36.47297471414308;-4.989402573945995;built-up;road
36.49704785846781;-4.997115523794946;built-up;road
36.5150808069064;-5.016530083278468;built-up;road
36.53777788260744;-5.00717191678919;built-up;road
36.51845037442099;-4.964187210525893;built-up;road
36.50292568734932;-4.964033778752736;built-up;road
36.488939929223775;-4.976039301160938;built-up;road
36.49553869539878;-4.94939478837739;built-up;road
36.50716301306885;-4.944938669883243;built-up;road
36.52075422489213;-4.924701479554614;built-up;road
36.5151551217068;-4.910986060640198;built-up;road
36.50902324376966;-4.879112152489995;built-up;road
36.52771327496282;-4.862935134641049;built-up;road
36.51765164806193;-4.828187296669398;built-up;road
36.505443223410325;-4.836416641248576;built-up;road
36.500176966293225;-4.797722032922479;built-up;road
36.513755276652034;-4.783217003918338;built-up;road
36.54714598814088;-4.734752934215379;built-up;road
36.504317816551634;-4.712297765155142;built-up;road
36.50325349633299;-4.687681293305047;built-up;road
36.508330119922164;-4.668743217536047;built-up;road
36.51457969733036;-4.6491459597549465;built-up;road
36.534546139217085;-4.6687013332306435;built-up;road
36.535562588382916;-4.6228335811154295;built-up;road
36.540210625468674;-4.634354387699915;built-up;road
36.552893743573506;-4.64816125379906;built-up;road
36.56779814813429;-4.685212899117801;built-up;road
36.6021207335355;-4.673413575087778;built-up;road
36.59419670486447;-4.6494294717825255;built-up;road
36.583477791732065;-4.646982598113254;built-up;road
36.56377319743741;-4.621729233834117;built-up;road
36.58464454590734;-4.593202597259648;built-up;road
36.57525045911318;-4.58503038541744;built-up;road
36.59250998620901;-4.5650353018733085;built-up;road
36.581274857590756;-4.546500267035071;built-up;road
36.5899275377557;-4.541131717683612;built-up;road
36.603537606066155;-4.533971426709314;built-up;road
36.61676418267248;-4.502411951079779;built-up;road
36.65716298124609;-4.487481259763172;built-up;road
36.66586271228755;-4.461386570212312;built-up;road
36.68205656024345;-4.456192768692972;built-up;road
36.69991417144941;-4.439564159865199;built-up;road
36.71404877741273;-4.431898653183907;built-up;road
36.7183371739317;-4.421490145387253;built-up;road
36.72406684228551;-4.420549758065704;built-up;road
36.72795561042997;-4.414320421337834;built-up;road
36.738283314687706;-4.422861049731097;built-up;road
36.73975439453338;-4.432751580341375;built-up;road
36.71537518505458;-4.44819532441727;built-up;road
36.712725772349856;-4.476415778019003;built-up;road
36.733123981659645;-4.483849966819861;built-up;road
36.74898111419577;-4.492873052197069;built-up;road
36.74783835732464;-4.463592977315869;built-up;road
36.73686385606615;-4.395706579406607;built-up;road
36.725925434038544;-4.376727372645945;built-up;road
36.738506666336335;-4.361738029254212;built-up;road
36.727739919912054;-4.349446107523903;built-up;road
36.714712694200955;-4.336075992495665;built-up;road
36.735102478486894;-4.316862533226015;built-up;road
36.72362711160406;-4.306600573249426;built-up;road
36.71588247568364;-4.28963699004791;built-up;road
36.72683344327989;-4.275526846036598;built-up;road
36.71366864146793;-4.2577360054542055;built-up;road
36.729455452300456;-4.239665950754102;built-up;road
36.735833893073135;-4.194883918652408;built-up;road
36.71836525959685;-4.193503713008397;built-up;road
36.738720058028406;-4.1629389299381785;built-up;road
36.727727586526186;-4.151621042793721;built-up;road
36.74542200833666;-4.135323279180085;built-up;road
36.74597174172746;-4.1322584120757995;built-up;road
36.90519239102365;-4.142652607192645;built-up;road
36.920363717316576;-4.176311181826975;built-up;road
36.92163605432168;-4.246696159628783;built-up;road
36.91955424847629;-4.285401764472908;built-up;road
36.92435733233424;-4.315211966969457;built-up;road
36.90479029464532;-4.3806695809595055;built-up;road
36.91588422674991;-4.444247642711986;built-up;road
36.915982382348105;-4.515244476821522;built-up;road
36.87556921886136;-4.631151426704548;built-up;road
36.91417885560455;-4.714547786378972;built-up;road
36.82822085026916;-4.930677291664523;built-up;road
36.76944609700924;-4.920220913205867;built-up;road
36.73788435681847;-4.92143233724488;built-up;road
36.68178796186699;-4.913831354226517;built-up;road
36.627139692179995;-4.846803245294751;built-up;road
36.58518636474989;-4.952414809464358;built-up;road
36.56125001835515;-4.8629079709508005;built-up;road
36.54212446838896;-4.790056469957534;built-up;road
36.525689741653565;-4.763096056972273;built-up;road
36.529742850959636;-4.718318281324315;built-up;road
36.586911517370154;-4.725219583296536;built-up;road
36.63847589200277;-4.7643239155184745;built-up;road
36.70504779770303;-4.820348871252463;built-up;road
36.731360182572345;-4.850621393048982;built-up;road
36.773932361298804;-4.8388664249825695;built-up;road
36.79563474400847;-4.824839085036473;built-up;road
36.83570027912114;-4.813727132942205;built-up;road
36.83864721401157;-4.8661221104296715;built-up;road
36.8971345806047;-4.742437309724011;built-up;road
36.873127760586996;-4.748208064398227;built-up;road
36.84333917307005;-4.76583208713123;built-up;road
36.809622681080626;-4.780802406905906;built-up;road
36.77812512319967;-4.774276015258522;built-up;road
36.75509720813329;-4.779776254607469;built-up;road
36.72226148457774;-4.796822711579608;built-up;road
36.69871136793148;-4.758344939568872;built-up;road
36.75219913944416;-4.720441546995346;built-up;road
36.71925476199094;-4.588415877009311;built-up;road
36.70346984880183;-4.674678257732069;built-up;road
36.670707005174975;-4.67947741761148;built-up;road
36.6497043999713;-4.6261454904884545;built-up;road
36.671180538887256;-4.55482276271934;built-up;road
36.781697658915235;-4.630572580966231;built-up;road
36.78180625714087;-4.560497956710321;built-up;road
36.75458849113609;-4.580150929612188;built-up;road
36.75567601505598;-4.5309573938806125;built-up;road
36.816800851164516;-4.469973345886217;built-up;road
36.78069516413258;-4.428339691858383;built-up;road
36.773067098058675;-4.352910714903089;built-up;road
36.77244641670043;-4.262678607304679;built-up;road
36.75799295314944;-4.201341093729212;built-up;road
36.79549754805461;-4.172738317251429;built-up;road
36.82736346612798;-4.186941401996137;built-up;road
36.869710854126936;-4.237192165068336;built-up;road
36.88759163129416;-4.304221558920489;built-up;road
36.839987094725004;-4.34678045053812;built-up;road
36.86900027239206;-4.407436876556858;built-up;road
36.88022858106633;-4.451294314547511;built-up;road
36.870107673506794;-4.51546812492947;built-up;road
36.82629798283507;-4.573229747125055;built-up;road
36.43012426392691;-5.167548589652796;built-up;industrial
36.43202548155445;-5.122144681284084;built-up;industrial
36.44214470944621;-5.115949304669641;built-up;industrial
36.463444296991725;-5.040380740180183;built-up;industrial
36.46770274626529;-5.0163021114437925;built-up;industrial
36.48681215549949;-4.9654339380350905;built-up;industrial
36.50745379262456;-4.950673048204806;built-up;industrial
36.50963752298526;-4.910453547011201;built-up;industrial
36.50903539406609;-4.909389120401556;built-up;industrial
36.51242555203477;-4.86966781748373;built-up;industrial
36.51120637791274;-4.8669418021367505;built-up;industrial
36.49512160481598;-4.765726418354461;built-up;industrial
36.48911386210756;-4.727963698208754;built-up;industrial
36.49258367078005;-4.71456054395685;built-up;industrial
36.53574568727032;-4.649528058628533;built-up;industrial
36.542744079046074;-4.652290713527179;built-up;industrial
36.54473743048446;-4.635409248379091;built-up;industrial
36.55767014344329;-4.621624482456326;built-up;industrial
36.565561382314314;-4.628112310579354;built-up;industrial
36.60595443755844;-4.530906956759765;built-up;industrial
36.61219689019404;-4.5150224524274165;built-up;industrial
36.61354897561631;-4.517791661463264;built-up;industrial
36.650681553773325;-4.488281493767687;built-up;industrial
36.66128575962638;-4.476294785311495;built-up;industrial
36.65781519206958;-4.482042475266098;built-up;industrial
36.6717001689953;-4.474731324061253;built-up;industrial
36.69481835508613;-4.494498803817038;built-up;industrial
36.70178254754555;-4.498714557311757;built-up;industrial
36.70532346297773;-4.466827854738057;built-up;industrial
36.706388328432325;-4.449191955677577;built-up;industrial
36.707252573928116;-4.420462415081772;built-up;industrial
36.70506953143216;-4.510677264059751;built-up;industrial
36.712235069915806;-4.476973166760672;built-up;industrial
36.70952673094746;-4.469278850511785;built-up;industrial
36.735309059008245;-4.41872064161376;built-up;industrial
36.73328691090758;-4.136744723224979;built-up;industrial
36.73346678950807;-4.174857225177419;built-up;industrial
36.72388783226005;-4.276037855479018;built-up;industrial
36.72414977015785;-4.313853139795896;built-up;industrial
36.73125480939241;-4.374749861452386;built-up;industrial
36.92612838536361;-4.191237983873577;built-up;industrial
36.8049045072123;-4.132036760520492;built-up;industrial
36.91083946524752;-4.345982616887625;built-up;industrial
36.89772990273302;-4.4271027725316685;built-up;industrial
36.74274860487357;-4.6040516646078515;built-up;industrial
36.719684728673144;-4.619920970636002;built-up;industrial
36.678085957600246;-4.544102589102266;built-up;industrial
36.67386181040003;-4.547991262504894;built-up;industrial
36.65765905010187;-4.577702526037143;built-up;industrial
36.66899241741365;-4.741524069740791;built-up;industrial
36.66678673729301;-4.744471375870091;built-up;industrial
36.651927038725944;-4.680933571331337;built-up;industrial
36.66010805054408;-4.69295205996832;built-up;industrial
36.830290408406;-4.6929887424002175;built-up;industrial
36.830048081945776;-4.693666963384118;built-up;industrial
36.739261614409685;-4.9227055413304015;built-up;industrial
36.885539794249624;-4.845347325173179;built-up;industrial
36.78588605586583;-4.839085376860794;built-up;industrial
36.78506431641087;-4.8384957209474635;built-up;industrial
36.76970297459562;-4.709987533216065;built-up;industrial
36.771906220549255;-4.7128749650212;built-up;industrial
36.923755262862244;-4.586813826500588;built-up;industrial
36.90436174215705;-4.39060073869058;built-up;industrial
36.90517396033822;-4.370274060147068;built-up;industrial
36.90826219496326;-4.3698841641675585;built-up;industrial
36.90707422630051;-4.372128119502634;built-up;industrial
36.73582055276266;-4.244702064205484;built-up;industrial
36.73586627052728;-4.243419741076423;built-up;industrial
36.72347299757669;-4.296463596525314;built-up;industrial
36.737666184004595;-4.380610510512383;built-up;industrial
36.70397577819466;-4.496499431117911;built-up;industrial
36.694449652320586;-4.490077656370715;built-up;industrial
36.6928894239081;-4.475361470185334;built-up;industrial
36.686187137230974;-4.459199319045496;built-up;industrial
36.631168035052255;-4.500345719361832;built-up;industrial
36.521911697208466;-4.876617079118574;built-up;industrial
36.52248470591074;-4.873076243086729;built-up;industrial
36.463022527181025;-5.043758210318003;built-up;industrial
36.43227927615291;-5.170039800557191;built-up;industrial
36.42800027380132;-5.168745364090569;built-up;industrial
36.95382076840326;-4.84081646813911;waterbody;naturalwater
36.91554692647007;-4.816421549825691;waterbody;naturalwater
36.90128019530411;-4.776950277515624;waterbody;naturalwater
36.91100236420263;-4.76528732331542;waterbody;naturalwater
36.95872396893917;-4.786522938079088;waterbody;naturalwater
36.81012653680909;-4.494246422031296;waterbody;naturalwater
36.8699429614273;-4.16767206648754;waterbody;naturalwater
36.680132961740114;-4.473685049035026;waterbody;naturalwater
36.69662529941431;-4.518262158419475;waterbody;naturalwater
36.70572407401758;-4.551256831352731;waterbody;naturalwater
36.72343097657627;-4.592325542015715;waterbody;naturalwater
36.73024925561653;-4.617663892215404;waterbody;naturalwater
36.722934576612275;-4.639039566812215;waterbody;naturalwater
36.73706776166472;-4.701138382236621;waterbody;naturalwater
36.775931811682895;-4.7150860518011655;waterbody;naturalwater
36.831870448353015;-4.69716350761729;waterbody;naturalwater
36.85849520723296;-4.715573795170542;waterbody;naturalwater
36.88844192737869;-4.747773598249552;waterbody;naturalwater
36.76272802244459;-4.432981177214884;waterbody;naturalwater
36.77519373537274;-4.434278945346506;waterbody;naturalwater
36.53448682343216;-4.960160666782343;waterbody;naturalwater
36.55188017972573;-4.963303037709011;waterbody;naturalwater
36.522701262732355;-4.965227268780268;waterbody;naturalwater
36.5315553907369;-5.046238616162498;waterbody;naturalwater
36.75813471689111;-4.565640693600926;waterbody;naturalwater
36.491725626563294;-5.002950695083939;waterbody;naturalwater
36.72787469119524;-4.469471133681282;waterbody;naturalwater
36.671754878715575;-4.455679775748706;waterbody;naturalwater
36.42110509950945;-5.167451990116859;waterbody;artificialwater
36.43161710371501;-5.117394848381508;waterbody;artificialwater
36.92146607578212;-5.160829257593377;waterbody;artificialwater
36.796660341071316;-5.13773196660955;waterbody;artificialwater
36.72734846438384;-5.157330742542797;waterbody;artificialwater
36.51326428604459;-5.076617658977;waterbody;artificialwater
36.480137079412884;-4.985374459192201;waterbody;artificialwater
36.466737651061464;-5.006681853216094;waterbody;artificialwater
36.47913283500499;-5.034185288154674;waterbody;artificialwater
36.51919530934204;-4.9037906307126775;waterbody;artificialwater
36.51192000011817;-4.84651531247124;waterbody;artificialwater
36.5061410645731;-4.812286376093596;waterbody;artificialwater
36.50117550113032;-4.766326960929661;waterbody;artificialwater
36.491400071121845;-4.739643885428876;waterbody;artificialwater
36.512832173216694;-4.711609303817596;waterbody;artificialwater
36.516758604443325;-4.661397661389316;waterbody;artificialwater
36.5881703410661;-4.549492491088984;waterbody;artificialwater
36.59247884573263;-4.528926923585573;waterbody;artificialwater
36.61422656663605;-4.506395228640457;waterbody;artificialwater
36.62709649674893;-4.50781262798904;waterbody;artificialwater
36.65423499355596;-4.470121262684813;waterbody;artificialwater
36.68050996564904;-4.45592015716764;waterbody;artificialwater
36.72083707601844;-4.403232609224403;waterbody;artificialwater
36.72737653997176;-4.3905541406043085;waterbody;artificialwater
36.72476865468006;-4.3687660090585325;waterbody;artificialwater
36.72080999364917;-4.348794860680016;waterbody;artificialwater
36.719228939521884;-4.303106254243147;waterbody;artificialwater
36.719525870791585;-4.283741370074381;waterbody;artificialwater
36.72058977528221;-4.263393339277997;waterbody;artificialwater
36.72753952408347;-4.238144965572246;waterbody;artificialwater
36.72794641663285;-4.220918349259279;waterbody;artificialwater
36.71846264036034;-4.1970915933488016;waterbody;artificialwater
36.723145542116384;-4.171665403580988;waterbody;artificialwater
36.74492156772499;-4.128739903399264;waterbody;artificialwater
36.727690811705244;-4.1463447835914735;waterbody;artificialwater
36.57471190777251;-4.58044433727224;waterbody;artificialwater
36.57803933220214;-4.594872874849585;waterbody;artificialwater
36.55928707108707;-4.626468352535824;waterbody;artificialwater
36.555491912540475;-4.65464771032552;waterbody;artificialwater
36.633133535069575;-4.73919125800515;waterbody;artificialwater
36.72861949303808;-4.587481967341205;waterbody;artificialwater
36.78086419375123;-4.484758184058023;waterbody;artificialwater
36.93888765727601;-5.090113886111993;waterbody;artificialwater
36.9054325218044;-4.757037516890534;waterbody;artificialwater
36.92386026124851;-4.700255575086061;waterbody;artificialwater
36.918970052365964;-4.67459825161643;waterbody;artificialwater
36.923328795124775;-4.582478765333633;waterbody;artificialwater
36.91006334762467;-4.450544359978551;waterbody;artificialwater
36.91297091088673;-4.336656316324735;waterbody;artificialwater
36.91440773164095;-4.124344319744125;waterbody;artificialwater
36.90823799771135;-4.161051806026194;waterbody;artificialwater
36.90856813088146;-4.200734232488458;waterbody;artificialwater
36.90355553466313;-4.213980203136828;waterbody;artificialwater
36.90492732517778;-4.252805195416272;waterbody;artificialwater
36.909540455356236;-4.277550181879263;waterbody;artificialwater
36.90004597279504;-4.309048612634996;waterbody;artificialwater
36.85648884430442;-4.133278267211722;waterbody;artificialwater
36.876354318186;-4.14102020962477;waterbody;artificialwater
36.88947296974139;-4.125469573161752;waterbody;artificialwater
36.89773771895078;-4.13923096135963;waterbody;artificialwater
36.876490252087336;-4.200971973422554;waterbody;artificialwater
36.85746727563868;-4.184262807193221;waterbody;artificialwater
36.84557652201485;-4.16324620678148;waterbody;artificialwater
36.827811040246104;-4.146963677646966;waterbody;artificialwater
36.791896560069915;-4.151568942557049;waterbody;artificialwater
36.76911785028447;-4.143563118564231;waterbody;artificialwater
36.75874051802738;-4.186479440552375;waterbody;artificialwater
36.738292937599724;-4.184406786431424;waterbody;artificialwater
36.75084908753688;-4.210106471585732;waterbody;artificialwater
36.78078932752392;-4.174889253328075;waterbody;artificialwater
36.80510282507596;-4.210661101637527;waterbody;artificialwater
36.812009720445744;-4.219057729437452;waterbody;artificialwater
36.81346198611723;-4.176351661360712;waterbody;artificialwater
36.83473439459662;-4.195531013842185;waterbody;artificialwater
36.8356944230612;-4.226944268562278;waterbody;artificialwater
36.86689115059748;-4.234645527338017;waterbody;artificialwater
36.87434823617551;-4.256279743286598;waterbody;artificialwater
36.87680927369357;-4.297135532033963;waterbody;artificialwater
36.89175171379968;-4.342172364878365;waterbody;artificialwater
36.89374920904268;-4.378865008536195;waterbody;artificialwater
36.88246997497913;-4.4365384128908545;waterbody;artificialwater
36.86818395772052;-4.396483048773973;waterbody;artificialwater
36.800181107986475;-4.328626370287395;waterbody;artificialwater
36.84368360053183;-4.297551682564176;waterbody;artificialwater
36.845615639947795;-4.267538584629534;waterbody;artificialwater
36.808850517914664;-4.249834726926991;waterbody;artificialwater
36.8759904630725;-5.042600791043299;waterbody;artificialwater
36.828481296152006;-5.099922693215035;waterbody;artificialwater
36.57201314325032;-4.7240008087527485;waterbody;artificialwater
36.564003182958885;-4.684139195306841;waterbody;artificialwater
36.701239629020705;-4.700257321597036;waterbody;artificialwater
36.747384674252544;-4.73145050934076;waterbody;artificialwater
36.76732738151061;-4.7928592639759415;waterbody;artificialwater
36.79468222780409;-4.931027794623645;waterbody;artificialwater
36.83991086302257;-4.8217722247378845;waterbody;artificialwater
36.839026880512336;-4.752942040643632;waterbody;artificialwater
36.806612905968166;-4.656223859673759;waterbody;artificialwater
36.82346717721455;-4.534116185712037;waterbody;artificialwater
36.831477837707;-4.448728902657422;waterbody;artificialwater
36.58970651229619;-4.850717226857114;waterbody;artificialwater
36.54921398645871;-4.791706496540513;waterbody;artificialwater
36.67411323147218;-4.598833676845771;waterbody;artificialwater
36.509607460948644;-5.1506581129482925;nature;forest
36.472323532262465;-5.141484157169941;nature;forest
36.44094973364062;-5.159830031181485;nature;forest
36.48820895506462;-5.098576751854694;nature;forest
36.46837079024114;-5.035937677117516;nature;forest
36.49449163045901;-5.0010414139960915;nature;forest
36.48710845895853;-4.9578769985193105;nature;forest
36.52249301296051;-4.9641355545681165;nature;forest
36.596027417479306;-5.028942154378768;nature;forest
36.67446907056984;-5.1119346954575065;nature;forest
36.594431023970145;-5.125596427545162;nature;forest
36.935158029048424;-5.113816148407636;nature;forest
36.924805994631285;-5.002837921307133;nature;forest
36.89751959493907;-4.840558794613713;nature;forest
36.89600430642392;-4.808755650023301;nature;forest
36.9191032147902;-4.745657762408001;nature;forest
36.88416243091034;-4.725920220819489;nature;forest
36.878231509552265;-4.633761281209615;nature;forest
36.880594695997345;-4.5977583024212265;nature;forest
36.90146662714828;-4.453121927903624;nature;forest
36.89311939880177;-4.415688884910594;nature;forest
36.906620766795996;-4.128128042294975;nature;forest
36.895686138735115;-4.164525435553202;nature;forest
36.88938325613758;-4.2884987438990265;nature;forest
36.88288159253479;-4.351368661975556;nature;forest
36.838121545865974;-4.1333697885811205;nature;forest
36.84724305464988;-4.154889726892861;nature;forest
36.867480059577446;-4.1245937314653816;nature;forest
36.8740500538123;-4.230379622068568;nature;forest
36.87351462866019;-4.263990844401462;nature;forest
36.72009662450591;-4.1739584742034594;nature;forest
36.716611485018745;-4.204874709944704;nature;forest
36.72269697506715;-4.2331248132501855;nature;forest
36.73636366366418;-4.243141438669312;nature;forest
36.75041775287556;-4.197107619500002;nature;forest
36.75034579708213;-4.157720597611728;nature;forest
36.804690567923885;-4.221993998029177;nature;forest
36.78754242264931;-4.248759860418005;nature;forest
36.759388929339934;-4.3583017065078025;nature;forest
36.756944327273885;-4.405767811474249;nature;forest
36.77249564894785;-4.39698170314125;nature;forest
36.78955541838957;-4.395520737627635;nature;forest
36.80781392756339;-4.390153527903323;nature;forest
36.83100597084125;-4.3874982895013375;nature;forest
36.848890804446484;-4.362038373161653;nature;forest
36.853532228522994;-4.407173762001065;nature;forest
36.84359041852959;-4.4226455096622885;nature;forest
36.82608645507899;-4.523645786659131;nature;forest
36.861968754811315;-4.536864158810175;nature;forest
36.84820957836119;-4.55749740372579;nature;forest
36.834302960562255;-4.697779207988219;nature;forest
36.69842047522715;-4.597223061985375;nature;forest
36.6726730052054;-4.57662202999299;nature;forest
36.65596333060169;-4.589112910388252;nature;forest
36.608879014803065;-4.607490067879468;nature;forest
36.61914198956545;-4.6335997991186275;nature;forest
36.620132035219484;-4.65708696832607;nature;forest
36.62291508620203;-4.679027532362937;nature;forest
36.629967919876194;-4.702588827494907;nature;forest
36.61650178674948;-4.736678712006352;nature;forest
36.60819728408802;-4.757002098199621;nature;forest
36.601357883952815;-4.7666161259683975;nature;forest
36.60210876577631;-4.800682829389018;nature;forest
36.60142159023323;-4.825253670275799;nature;forest
36.56057237105186;-4.8383233748113526;nature;forest
36.53005138705011;-4.748618618352339;nature;forest
36.51293194245869;-4.727750714013808;nature;forest
36.49722218882732;-4.71901192649409;nature;forest
36.5083204391303;-4.645375437271014;nature;forest
36.55967540034902;-4.635144789951255;nature;forest
36.5719884460222;-4.607598665032384;nature;forest
36.59352993479553;-4.529342058111951;nature;forest
36.6190643711147;-4.512748883549165;nature;forest
36.63109644577882;-4.4988268110219;nature;forest
36.68322345769684;-4.4785379691025184;nature;forest
36.6951148094665;-4.510322451223999;nature;forest
36.72559285051862;-4.524077663252399;nature;forest
36.776517311782385;-4.878766500337235;nature;forest
36.79514076008455;-4.908539326668148;nature;forest
36.78228102246672;-4.962727393107826;nature;forest
36.76646507645292;-4.976561203747821;nature;forest
36.75188023798796;-4.988547354814614;nature;forest
36.67192803781114;-5.0502652248375455;nature;forest
36.72732149024655;-5.074673308220497;nature;forest
36.82413065420002;-4.968727505213536;nature;forest
36.86788667687499;-4.902316827127862;nature;forest
36.82819792719866;-4.833473861016245;nature;forest
36.72695738888483;-4.6794302161954135;nature;forest
36.519619499450044;-4.7520484960817555;nature;forest
36.53713737119055;-4.628571728374851;nature;forest
36.553321777678946;-4.632312493646708;nature;forest
36.59579055020215;-4.655689961939061;nature;forest
36.60125356216419;-4.643581187172515;nature;forest
36.633667891800414;-4.760279748927928;nature;forest
36.65437845379823;-4.9260648846700406;nature;forest
36.62587403650656;-4.969786454307297;nature;forest
36.78652962348332;-5.069802482726686;nature;forest
36.79027913840706;-5.088893778645485;nature;forest
36.826262285441146;-5.007753698393714;nature;forest
36.84518185160772;-4.993362767553464;nature;forest
36.616492231324116;-4.899774649478502;nature;forest
36.567792667494956;-4.889101983134111;nature;forest
36.543639843753354;-4.782685856237919;nature;forest
36.70178601873519;-4.758784688775421;nature;forest
36.71126477762576;-4.725650392037579;nature;forest
36.76521069620952;-4.698801750754427;nature;forest
36.42712969967309;-5.156554597928135;nature;scrubland
36.43156732017431;-5.152623844632103;nature;scrubland
36.43645529580546;-5.152976345112478;nature;scrubland
36.454020113467905;-5.1542074342685;nature;scrubland
36.444698719428445;-5.135475387827313;nature;scrubland
36.43648941683705;-5.1175047812888295;nature;scrubland
36.448320414743435;-5.110946976381882;nature;scrubland
36.48711301246722;-5.146791776112877;nature;scrubland
36.564411355637546;-5.155226337312797;nature;scrubland
36.58786032395909;-5.133654100185623;nature;scrubland
36.62925788487753;-5.140376253612459;nature;scrubland
36.65909142416308;-5.153713756826932;nature;scrubland
36.69744475405827;-5.137583169612782;nature;scrubland
36.76479844841447;-5.1632746530956695;nature;scrubland
36.92082665531754;-5.139620386222958;nature;scrubland
36.88974643034794;-5.119714290834111;nature;scrubland
36.80553721041197;-5.082193198660008;nature;scrubland
36.83438568422679;-5.064460475765571;nature;scrubland
36.847871254116626;-5.06685210568719;nature;scrubland
36.86520890432065;-5.064964607534478;nature;scrubland
36.90351046656694;-5.052606124483731;nature;scrubland
36.91759394561987;-5.008274875220792;nature;scrubland
36.91120760202054;-4.9690311968277285;nature;scrubland
36.908660422492304;-4.932741892441555;nature;scrubland
36.906262875078625;-4.891845392211849;nature;scrubland
36.8988733414493;-4.845209222431464;nature;scrubland
36.897448268580646;-4.818613526302528;nature;scrubland
36.82389269305223;-4.141567048287868;nature;scrubland
36.906827018458486;-4.141847368111826;nature;scrubland
36.90090987620056;-4.177084831851403;nature;scrubland
36.87755720904583;-4.144509119307429;nature;scrubland
36.90102589540645;-4.2119116199542646;nature;scrubland
36.89740885688563;-4.192103338704499;nature;scrubland
36.88118671490514;-4.190049533727489;nature;scrubland
36.85554072666865;-4.172625403263538;nature;scrubland
36.83182783234581;-4.172817755487387;nature;scrubland
36.81436742263938;-4.1685856733904245;nature;scrubland
36.84072053419655;-4.135110242178854;nature;scrubland
36.876108843180845;-4.2060538151261255;nature;scrubland
36.8930150135393;-4.224020427122554;nature;scrubland
36.898105000616226;-4.245049964034735;nature;scrubland
36.89652964645518;-4.270846972476136;nature;scrubland
36.89150810285909;-4.281422202560407;nature;scrubland
36.89523434359532;-4.295769786001898;nature;scrubland
36.89484288718802;-4.310073805776881;nature;scrubland
36.89195679514296;-4.321031256111638;nature;scrubland
36.89358728838762;-4.3335254464224136;nature;scrubland
36.89098441669688;-4.344138009437472;nature;scrubland
36.890248194891626;-4.360005319507081;nature;scrubland
36.886128735494694;-4.358952232564803;nature;scrubland
36.890681587960614;-4.373939070031099;nature;scrubland
36.88963776474711;-4.3869628781836525;nature;scrubland
36.88935367492175;-4.39752066485903;nature;scrubland
36.889440245201854;-4.412595739308301;nature;scrubland
36.885479005850314;-4.428505853136215;nature;scrubland
36.88540132625468;-4.434533472188889;nature;scrubland
36.88432990178151;-4.45114169748345;nature;scrubland
36.88363659399016;-4.45523195398539;nature;scrubland
36.88558947718764;-4.482984041682954;nature;scrubland
36.87178943736612;-4.493344888819394;nature;scrubland
36.86817027881932;-4.486629634030095;nature;scrubland
36.88043358108783;-4.531226586610956;nature;scrubland
36.87281810378752;-4.574764357655482;nature;scrubland
36.87327626504491;-4.588076540598223;nature;scrubland
36.87225216130335;-4.605160408326384;nature;scrubland
36.872389322214005;-4.61855169846703;nature;scrubland
36.86731141465876;-4.642355110661498;nature;scrubland
36.888575887616255;-4.640421766459667;nature;scrubland
36.878515184228235;-4.673133620931566;nature;scrubland
36.885314882082895;-4.750251776236695;nature;scrubland
36.89002139044851;-4.768513897438112;nature;scrubland
36.8917884787153;-4.789463501991719;nature;scrubland
36.89408067924711;-4.7989713413987545;nature;scrubland
36.89180728551487;-4.804597792794311;nature;scrubland
36.88688261769492;-4.825059164950204;nature;scrubland
36.87859680255126;-4.952871216152943;nature;scrubland
36.87668785732612;-4.937715581949874;nature;scrubland
36.87387779661458;-5.01556534125487;nature;scrubland
36.844105963092105;-5.0330672038183195;nature;scrubland
36.84129180838819;-5.023119829431124;nature;scrubland
36.822105710094604;-5.031866234007708;nature;scrubland
36.80620411013197;-5.045805812195397;nature;scrubland
36.77463539345477;-5.0649024522795685;nature;scrubland
36.76074770268619;-5.084410136522905;nature;scrubland
36.74071046724103;-5.089586796714997;nature;scrubland
36.71222617244625;-5.101253481252286;nature;scrubland
36.69669907457482;-5.076884348145995;nature;scrubland
36.67323575555723;-5.1016787925731535;nature;scrubland
36.64931586594059;-5.111365492786803;nature;scrubland
36.62831527427568;-5.068315609837185;nature;scrubland
36.585536540500385;-5.062093682432703;nature;scrubland
36.57063400365588;-5.085981612674232;nature;scrubland
36.529763475190435;-5.106222848917952;nature;scrubland
36.5282402398626;-5.055700573172032;nature;scrubland
36.53978001949284;-5.046351176613257;nature;scrubland
36.56445775744389;-5.0548757706315826;nature;scrubland
36.483135947356885;-5.050922192374003;nature;scrubland
36.532887818619244;-4.978520741458425;nature;scrubland
36.51624304315756;-4.927152511149217;nature;scrubland
36.57137605285355;-4.926502822107011;nature;scrubland
36.62139047626421;-4.952205327382217;nature;scrubland
36.65303000850041;-5.00042270106303;nature;scrubland
36.5867251009369;-4.995226300898565;nature;scrubland
36.68731299152934;-5.00819400327606;nature;scrubland
36.715642554170614;-5.026041434862464;nature;scrubland
36.746171464908116;-5.027372157357377;nature;scrubland
36.7863113763473;-5.008645383790963;nature;scrubland
36.81603965066817;-4.985824467548781;nature;scrubland
36.83680503643869;-4.9869499181896515;nature;scrubland
36.85979578103405;-4.997630786626985;nature;scrubland
36.87110801868583;-4.9719220069940775;nature;scrubland
36.852932746720796;-4.934514565158366;nature;scrubland
36.80983152671631;-4.924403397901756;nature;scrubland
36.78057355975811;-4.933345633336245;nature;scrubland
36.72833709090294;-4.99033375078227;nature;scrubland
36.674995930319255;-4.907789875420349;nature;scrubland
36.64111792328035;-4.859205683466627;nature;scrubland
36.52718457016532;-4.85469282149063;nature;scrubland
36.519015932680304;-4.817232144807065;nature;scrubland
36.51384071860757;-4.755959214606321;nature;scrubland
36.571457425486415;-4.735128586773612;nature;scrubland
36.58618645088275;-4.807252429662839;nature;scrubland
36.655403776127955;-4.778774996248188;nature;scrubland
36.66964801764914;-4.852085188601876;nature;scrubland
36.70590070623517;-4.860678984985725;nature;scrubland
36.73447601147625;-4.869957459412802;nature;scrubland
36.79394249279926;-4.867137460491051;nature;scrubland
36.837471733522975;-4.8594210243338125;nature;scrubland
36.85604642311978;-4.909738520378653;nature;scrubland
36.86994036991109;-4.89192129774105;nature;scrubland
36.88126014190303;-4.90079153331493;nature;scrubland
36.885564351868894;-4.881245833147688;nature;scrubland
36.8832383682677;-4.822947914503345;nature;scrubland
36.86648253982558;-4.804124935798427;nature;scrubland
36.879301511596225;-4.79228677538282;nature;scrubland
36.87632733545213;-4.767468912361977;nature;scrubland
36.87514627232176;-4.742626464973682;nature;scrubland
36.87736675639135;-4.701780160810756;nature;scrubland
36.85557865680332;-4.657686932082697;nature;scrubland
36.85628895744192;-4.607168154427285;nature;scrubland
36.84886920593125;-4.564603354531243;nature;scrubland
36.85513738555363;-4.527242191797626;nature;scrubland
36.85308868987643;-4.490885288509219;nature;scrubland
36.861554112231204;-4.469122995470315;nature;scrubland
36.86694815582315;-4.444318997806931;nature;scrubland
36.87065086674578;-4.4178373314300075;nature;scrubland
36.877784442171915;-4.398507902759462;nature;scrubland
36.87381174177828;-4.379895082356114;nature;scrubland
36.8707561990482;-4.3556739940640625;nature;scrubland
36.874196265604766;-4.330060729727052;nature;scrubland
36.88157236963214;-4.300972165867762;nature;scrubland
36.87555360347086;-4.284368132259516;nature;scrubland
36.876967081798966;-4.2669340478001345;nature;scrubland
36.87782080558625;-4.248907896150911;nature;scrubland
36.87714427740228;-4.228101417475159;nature;scrubland
36.8730855148455;-4.20559927625186;nature;scrubland
36.86826946774178;-4.180627704376832;nature;scrubland
36.85102711678408;-4.1891585172635075;nature;scrubland
36.867488011324085;-4.227001986502245;nature;scrubland
36.8705435275908;-4.238953996003545;nature;scrubland
36.867027050012595;-4.253019174965118;nature;scrubland
36.86597835208323;-4.267822400647333;nature;scrubland
36.864928139522476;-4.284146998461864;nature;scrubland
36.871263359445734;-4.303829708326589;nature;scrubland
36.86524127047814;-4.322355479152776;nature;scrubland
36.85988180287252;-4.341603183901867;nature;scrubland
36.863610120681074;-4.386799505022481;nature;scrubland
36.85810178376714;-4.410435536773235;nature;scrubland
36.863772160154156;-4.419545197250272;nature;scrubland
36.86316128031953;-4.4287856380356345;nature;scrubland
36.85882684301254;-4.439269464751078;nature;scrubland
36.8636202331364;-4.45468463032887;nature;scrubland
36.865251756702605;-4.453262957844544;nature;scrubland
36.85008801881409;-4.457140756494738;nature;scrubland
36.84863093848939;-4.472586312616869;nature;scrubland
36.8314839809717;-4.49262837174922;nature;scrubland
36.82703392029762;-4.54592877114365;nature;scrubland
36.83134249606873;-4.573490245169353;nature;scrubland
36.835249414021064;-4.6105567933912255;nature;scrubland
36.82506863472845;-4.650977924419777;nature;scrubland
36.835541976118435;-4.6936584892951885;nature;scrubland
36.8443580739206;-4.737431280301138;nature;scrubland
36.85035576012646;-4.772989381566703;nature;scrubland
36.86419669008448;-4.780281563458544;nature;scrubland
36.85658056907101;-4.833285267067026;nature;scrubland
36.860543542548385;-4.860220352105898;nature;scrubland
36.80609881967921;-4.795081836422128;nature;scrubland
36.81353954752505;-4.716779652090679;nature;scrubland
36.8004216493043;-4.667613724690284;nature;scrubland
36.80570043454851;-4.60967932613417;nature;scrubland
36.80885023548986;-4.564543764950628;nature;scrubland
36.778474007385114;-4.730213361631854;nature;scrubland
36.746628110447645;-4.808106978122396;nature;scrubland
36.706362489034476;-4.772007095672535;nature;scrubland
36.63652554987357;-4.661834662009596;nature;scrubland
36.640840590118;-4.5357035362585805;nature;scrubland
36.709499576174125;-4.502841138015583;nature;scrubland
36.77164568747796;-4.496157017477316;nature;scrubland
36.79762851095691;-4.390105562946019;nature;scrubland
36.80956322162126;-4.353559304845305;nature;scrubland
36.82742249548022;-4.312736544500552;nature;scrubland
36.77025874778643;-4.312614719966291;nature;scrubland
36.77621502054588;-4.2849144946391675;nature;scrubland
36.812208943916474;-4.248718585544651;nature;scrubland
36.78583416170852;-4.218609667727748;nature;scrubland
36.7563942181238;-4.141103062825891;nature;scrubland
36.763260419850184;-4.2513695593796115;nature;scrubland
36.74678621259066;-4.308837296428209;nature;scrubland
36.755261984849994;-4.367480740717895;nature;scrubland
36.76838638679553;-4.436719979631647;nature;scrubland
36.70307865736184;-4.632154188976756;nature;scrubland
36.86110691114533;-5.065802693607026;nature;farmland
36.92652363154899;-5.047224669143333;nature;farmland
36.92367702188736;-5.005370402958988;nature;farmland
36.91161934613726;-4.977128984333234;nature;farmland
36.920968635194285;-4.939877555240713;nature;farmland
36.918359542666764;-4.889301239440272;nature;farmland
36.920698723689654;-4.849695770793318;nature;farmland
36.8981286210408;-4.7525090085040915;nature;farmland
36.91198958184788;-4.68826206998088;nature;farmland
36.9094805457717;-4.646558941102455;nature;farmland
36.91269737514179;-4.6220046538749955;nature;farmland
36.91073892527649;-4.601782736806911;nature;farmland
36.90919550471723;-4.542514645159656;nature;farmland
36.91382541892692;-4.5280382739979075;nature;farmland
36.90615397536462;-4.474440160303772;nature;farmland
36.90646999425954;-4.454253248754213;nature;farmland
36.903814030290974;-4.404447470814404;nature;farmland
36.90753719895359;-4.133387528291024;nature;farmland
36.90854071441741;-4.166498911730741;nature;farmland
36.90377652951871;-4.192317133985796;nature;farmland
36.90763768689553;-4.219262680124615;nature;farmland
36.90700685642125;-4.248946221220848;nature;farmland
36.90395290952574;-4.26974549113055;nature;farmland
36.90014982579761;-4.315705963420527;nature;farmland
36.89943769677363;-4.336293829040528;nature;farmland
36.90128696787795;-4.354076697305146;nature;farmland
36.90037643441576;-4.389861655786007;nature;farmland
36.86696275874526;-5.004628303699093;nature;farmland
36.87553623573248;-4.922344763148089;nature;farmland
36.86325956935171;-4.893990253344413;nature;farmland
36.86403962035125;-4.835362567984845;nature;farmland
36.85713003467622;-4.717102632708958;nature;farmland
36.85527821711439;-4.670465246903291;nature;farmland
36.87291282077845;-4.568263193524643;nature;farmland
36.854073451118495;-4.472875487142289;nature;farmland
36.871742065262396;-4.32503576604887;nature;farmland
36.85125247273412;-4.301417481769164;nature;farmland
36.86350973672364;-4.26116651810176;nature;farmland
36.855722763926366;-4.207383947566996;nature;farmland
36.843760663663375;-4.179971137701585;nature;farmland
36.866706130677926;-4.15246432147552;nature;farmland
36.82058890405092;-5.023851487112466;nature;farmland
36.50773967843614;-4.990554901001218;nature;farmland
36.49362960951228;-4.976464770845581;nature;farmland
36.571644596468786;-4.88787284007509;nature;farmland
36.59559398305211;-4.8638070111629474;nature;farmland
36.6250530335121;-4.865041108655987;nature;farmland
36.68391712611144;-4.899169982669093;nature;farmland
36.71542781847283;-4.885506218623789;nature;farmland
36.735416160522774;-4.914900897025831;nature;farmland
36.75271876137445;-4.971620378756711;nature;farmland
36.76730342207297;-4.9409057439421815;nature;farmland
36.78835346874199;-4.914044773682974;nature;farmland
36.80764734368668;-4.951237723854376;nature;farmland
36.7469560246618;-4.813251381680715;nature;farmland
36.76167810690286;-4.8527353211201785;nature;farmland
36.77370238601421;-4.8468686084485455;nature;farmland
36.803617148492194;-4.86354326886692;nature;farmland
36.82601363753298;-4.895365785073437;nature;farmland
36.89455131537531;-4.8625949711921805;nature;farmland
36.79779095629887;-4.74477169237062;nature;farmland
36.79272074493663;-4.647075706289428;nature;farmland
36.72266053745098;-4.792166312826112;nature;farmland
36.70961121096806;-4.773143964497734;nature;farmland
36.67246707380271;-4.802745255695555;nature;farmland
36.66982825498974;-4.845671371105283;nature;farmland
36.63700918978621;-4.795481051861202;nature;farmland
36.54019453976656;-4.747378837061234;nature;farmland
36.55985657748823;-4.699569127919688;nature;farmland
36.59208974705385;-4.715995982581148;nature;farmland
36.62528678848581;-4.721369783740386;nature;farmland
36.643299103066255;-4.735735330602864;nature;farmland
36.66868508703003;-4.734538546734939;nature;farmland
36.69505671307428;-4.694865468332381;nature;farmland
36.76105692616636;-4.678996186354311;nature;farmland
36.63828409995635;-4.648016312992922;nature;farmland
36.65834892330288;-4.634814770338096;nature;farmland
36.67345694754465;-4.6250528435435;nature;farmland
36.673290171473184;-4.678016164303074;nature;farmland
36.654631425279476;-4.553791878175986;nature;farmland
36.694382951912516;-4.536998355387652;nature;farmland
36.68126264830397;-4.607000944962806;nature;farmland
36.735229052512835;-4.602526674698339;nature;farmland
36.750010024558534;-4.537720304319123;nature;farmland
36.74384906799881;-4.439105438208998;nature;farmland
36.78446097643578;-4.50385515031212;nature;farmland
36.837054337533544;-4.511332920987428;nature;farmland
36.86033058156835;-4.5187675650300605;nature;farmland
36.88581297045248;-4.529491569430405;nature;farmland
36.88632322927462;-4.633164425658833;nature;farmland
36.76673452583023;-4.131590118523718;nature;farmland
36.827968926201706;-4.130171475739928;nature;farmland
36.86847978312423;-4.12429187320086;nature;farmland
36.744157977045276;-4.130708958753871;nature;farmland
36.735665545383995;-4.156249202911056;nature;farmland
36.779876803007255;-4.166141108772791;nature;farmland
36.74273354110825;-4.200434011308886;nature;farmland
36.728010651791905;-4.222593447352494;nature;farmland
36.731006275305774;-4.2861950218663765;nature;farmland
36.72965805246528;-4.3105059654156435;nature;farmland
36.72926645057839;-4.3386001709224615;nature;farmland
36.748520039093734;-4.372788354773405;nature;farmland
36.77288202960847;-4.423665142449153;nature;farmland
36.771846830458784;-4.4282440014482916;nature;farmland
36.77894801239934;-4.457539089540262;nature;farmland
36.76474154634329;-4.4987900159525225;nature;farmland
36.754418718015074;-4.584177877287573;nature;farmland
36.78041819090791;-4.594298419657804;nature;farmland
36.84245517683635;-4.637848050790353;nature;farmland
36.852201302690716;-4.579030276637411;nature;farmland
36.85081294502763;-4.552058961110731;nature;farmland
36.81341202942555;-4.534662652061996;nature;farmland
36.82042047314248;-4.520143020753721;nature;farmland
36.835584190614725;-4.489189544052778;nature;farmland
36.86900653148149;-4.500686380840818;nature;farmland
36.88261938426156;-4.509779008969929;nature;farmland
36.897836356468844;-4.49028711847626;nature;farmland
36.87533663054084;-4.3732304751555375;nature;farmland
36.842743188244185;-4.34759617031844;nature;farmland
36.771846893032446;-4.303591650970475;nature;farmland
36.74379275379903;-4.300513708959471;nature;farmland
36.738576772619524;-4.26338838347624;nature;farmland
36.740913293441665;-4.243067575173228;nature;farmland
36.7569765748116;-4.20751115750403;nature;farmland
36.762880213771155;-4.235819715548871;nature;farmland
36.75504156794723;-4.261560464678013;nature;farmland
36.75962463086759;-4.274448887579325;nature;farmland
36.78635502369271;-4.290447627685495;nature;farmland
36.802969262826565;-4.308869345240851;nature;farmland
36.81033108397834;-4.34335275795911;nature;farmland
36.825005900256755;-4.317822861293848;nature;farmland
36.8326470775515;-4.293653942400027;nature;farmland
36.85126688495636;-4.286288293200073;nature;farmland
36.85081001564781;-4.236298723442445;nature;farmland
36.843997034571046;-4.2085968989974845;nature;farmland
36.84164547112749;-4.214049523900371;nature;farmland
36.87770414228875;-4.218607595526976;nature;farmland
36.8861056557663;-4.23518392338238;nature;farmland
36.79844705217134;-4.222725508803933;nature;farmland
36.80302795383632;-4.268752347794333;nature;farmland
36.781511610223276;-4.256044367119358;nature;farmland
36.775918984768836;-4.192327421858863;nature;farmland
36.788989289155325;-4.190749405098018;nature;farmland
36.80521451543487;-4.1903114167690205;nature;farmland
36.816475196129616;-4.160347700462637;nature;farmland
36.626521559691724;-4.574099375743117;nature;wasteland
36.63069517318365;-4.771291001879661;nature;wasteland
36.61436865213447;-4.841969624846541;nature;wasteland
36.59876508816893;-4.856600424812541;nature;wasteland
36.641392738838704;-5.074299188480637;nature;wasteland
36.67809856314534;-5.127654897689865;nature;wasteland
36.926910973211534;-4.751400960227329;nature;wasteland
36.91041549310232;-4.150423219469019;nature;wasteland
36.87579993493338;-4.148730828866292;nature;wasteland
36.73083023271842;-4.138339377262923;nature;wasteland
36.726168546047646;-4.1623089214728;nature;wasteland
36.73188286795039;-4.200856617757722;nature;wasteland
36.71942044962911;-4.3241175730189525;nature;wasteland
36.797631484023555;-4.87211256285957;nature;wasteland
36.80272201892073;-4.860019928489095;nature;wasteland
36.88510533495669;-5.083812739964856;nature;wasteland
36.50263927659395;-5.061842228803016;nature;wasteland
36.49914452452546;-5.053266004576699;nature;wasteland
36.77453678938181;-4.650699056771856;nature;wasteland
36.64681506753975;-4.525326464786701;nature;wasteland
36.625342582346505;-4.535193267489916;nature;wasteland
36.610485305584405;-4.561894323205024;nature;wasteland
36.606379133285486;-4.550775320894616;nature;wasteland
36.6244924614914;-4.524825212480124;nature;wasteland
36.699716713702855;-4.513769742201561;nature;wasteland
36.706462897651235;-4.444954835939143;nature;wasteland
36.70440593824368;-4.4311602258634935;nature;wasteland
36.79978555274869;-4.478999262819684;nature;wasteland
36.812260050119775;-4.470988547298532;nature;wasteland
36.86518295026539;-4.184491069813532;nature;wasteland
36.783346020653454;-4.437586712509926;nature;wasteland
36.78417673520137;-4.547660269304373;nature;wasteland
36.834551116200956;-4.68203526379159;nature;wasteland
36.750962429372436;-4.66915568799098;nature;wasteland
36.748425986324804;-4.670643332442779;nature;wasteland
36.74557508823506;-4.666530367656009;nature;wasteland
36.72956823979307;-4.653145410477009;nature;wasteland
36.6034550469023;-4.63632841911101;nature;wasteland
36.63451299032553;-4.577992016597733;nature;wasteland
36.761199665716944;-4.549563405951119;nature;wasteland
36.74422757470825;-4.570221469741057;nature;wasteland
36.71746839437918;-4.519039282646077;nature;wasteland
36.733359409568635;-4.519642242668823;nature;wasteland
36.73141353025217;-4.522359885898624;nature;wasteland
36.74391671378821;-4.511309518889448;nature;wasteland
36.7547740466226;-4.496640577117432;nature;wasteland
36.7578488214822;-4.489483100031862;nature;wasteland
36.75277628211023;-4.4739720945024715;nature;wasteland
36.75042079351782;-4.468162188859708;nature;wasteland
36.747354252816976;-4.444979195339755;nature;wasteland
36.7443981298225;-4.445798108610916;nature;wasteland
36.73863414787246;-4.442515889867025;nature;wasteland
36.73228575585112;-4.222139467832051;nature;wasteland